,month,state,cases_new,cases_recovered,cases_active,cases_unvax,cases_pvax,cases_fvax,cases_boost
0,2020-04,Johor,312,320,8571,312,0,0,0
1,2020-04,Kedah,18,62,822,18,0,0,0
2,2020-04,Kelantan,24,143,1299,24,0,0,0
3,2020-04,Melaka,146,115,2920,146,0,0,0
4,2020-04,Negeri Sembilan,332,313,4055,332,0,0,0
5,2020-04,Pahang,192,199,3436,192,0,0,0
6,2020-04,Perak,64,235,2007,64,0,0,0
7,2020-04,Perlis,5,0,217,5,0,0,0
8,2020-04,Pulau Pinang,27,116,1821,27,0,0,0
9,2020-04,Sabah,109,229,4288,109,0,0,0
10,2020-04,Sarawak,351,219,8260,351,0,0,0
11,2020-04,Selangor,733,871,12692,733,0,0,0
12,2020-04,Terengganu,63,76,2038,63,0,0,0
13,2020-04,W.P. Kuala Lumpur,800,680,12779,800,0,0,0
14,2020-04,W.P. Labuan,6,13,174,6,0,0,0
15,2020-04,W.P. Putrajaya,54,43,903,54,0,0,0
16,2020-05,Johor,12,255,4521,12,0,0,0
17,2020-05,Kedah,1,7,196,1,0,0,0
18,2020-05,Kelantan,1,3,196,1,0,0,0
19,2020-05,Melaka,21,85,1239,21,0,0,0
20,2020-05,Negeri Sembilan,345,351,6369,345,0,0,0
21,2020-05,Pahang,67,81,2101,67,0,0,0
22,2020-05,Perak,3,8,190,3,0,0,0
23,2020-05,Perlis,0,8,48,0,0,0,0
24,2020-05,Pulau Pinang,1,2,64,1,0,0,0
25,2020-05,Sabah,31,76,1228,31,0,0,0
26,2020-05,Sarawak,45,282,3481,45,0,0,0
27,2020-05,Selangor,477,373,10053,477,0,0,0
28,2020-05,Terengganu,1,34,302,1,0,0,0
29,2020-05,W.P. Kuala Lumpur,796,579,13427,796,0,0,0
30,2020-05,W.P. Labuan,0,2,2,0,0,0,0
31,2020-05,W.P. Putrajaya,16,36,479,16,0,0,0
32,2020-06,Johor,16,45,618,16,0,0,0
33,2020-06,Kedah,1,2,83,1,0,0,0
34,2020-06,Kelantan,1,6,93,1,0,0,0
35,2020-06,Melaka,37,46,810,37,0,0,0
36,2020-06,Negeri Sembilan,167,259,3503,167,0,0,0
37,2020-06,Pahang,4,59,765,4,0,0,0
38,2020-06,Perak,2,6,86,2,0,0,0
39,2020-06,Perlis,0,0,0,0,0,0,0
40,2020-06,Pulau Pinang,0,2,34,0,0,0,0
41,2020-06,Sabah,26,38,534,26,0,0,0
42,2020-06,Sarawak,19,29,527,19,0,0,0
43,2020-06,Selangor,138,469,5724,138,0,0,0
44,2020-06,Terengganu,0,0,0,0,0,0,0
45,2020-06,W.P. Kuala Lumpur,408,1027,10887,408,0,0,0
46,2020-06,W.P. Labuan,1,1,15,1,0,0,0
47,2020-06,W.P. Putrajaya,0,12,187,0,0,0,0
48,2020-07,Johor,51,17,432,51,0,0,0
49,2020-07,Kedah,12,4,79,12,0,0,0
50,2020-07,Kelantan,3,4,20,3,0,0,0
51,2020-07,Melaka,2,7,42,2,0,0,0
52,2020-07,Negeri Sembilan,4,45,254,4,0,0,0
53,2020-07,Pahang,5,0,39,5,0,0,0
54,2020-07,Perak,4,0,44,4,0,0,0
55,2020-07,Perlis,1,0,3,1,0,0,0
56,2020-07,Pulau Pinang,0,0,0,0,0,0,0
57,2020-07,Sabah,26,20,250,26,0,0,0
58,2020-07,Sarawak,107,43,1032,107,0,0,0
59,2020-07,Selangor,75,112,1094,75,0,0,0
60,2020-07,Terengganu,3,3,41,3,0,0,0
61,2020-07,W.P. Kuala Lumpur,41,34,318,41,0,0,0
62,2020-07,W.P. Labuan,2,0,11,2,0,0,0
63,2020-07,W.P. Putrajaya,1,1,13,1,0,0,0
64,2020-08,Johor,9,49,407,9,0,0,0
65,2020-08,Kedah,107,63,1623,107,0,0,0
66,2020-08,Kelantan,0,0,0,0,0,0,0
67,2020-08,Melaka,4,1,23,4,0,0,0
68,2020-08,Negeri Sembilan,5,8,51,5,0,0,0
69,2020-08,Pahang,0,5,80,0,0,0,0
70,2020-08,Perak,7,11,96,7,0,0,0
71,2020-08,Perlis,13,12,183,13,0,0,0
72,2020-08,Pulau Pinang,15,9,192,15,0,0,0
73,2020-08,Sabah,19,25,452,19,0,0,0
74,2020-08,Sarawak,21,81,615,21,0,0,0
75,2020-08,Selangor,48,43,690,48,0,0,0
76,2020-08,Terengganu,0,0,0,0,0,0,0
77,2020-08,W.P. Kuala Lumpur,111,98,1299,111,0,0,0
78,2020-08,W.P. Labuan,4,4,79,4,0,0,0
79,2020-08,W.P. Putrajaya,1,1,12,1,0,0,0
80,2020-09,Johor,16,1,50,16,0,0,0
81,2020-09,Kedah,151,137,2041,151,0,0,0
82,2020-09,Kelantan,4,0,12,4,0,0,0
83,2020-09,Melaka,4,3,59,4,0,0,0
84,2020-09,Negeri Sembilan,15,9,146,15,0,0,0
85,2020-09,Pahang,9,1,44,9,0,0,0
86,2020-09,Perak,2,0,3,2,0,0,0
87,2020-09,Perlis,4,3,47,4,0,0,0
88,2020-09,Pulau Pinang,8,8,107,8,0,0,0
89,2020-09,Sabah,1460,596,12494,1460,0,0,0
90,2020-09,Sarawak,14,19,205,14,0,0,0
91,2020-09,Selangor,100,55,948,100,0,0,0
92,2020-09,Terengganu,6,0,16,6,0,0,0
93,2020-09,W.P. Kuala Lumpur,85,79,1136,85,0,0,0
94,2020-09,W.P. Labuan,5,2,46,5,0,0,0
95,2020-09,W.P. Putrajaya,1,0,2,1,0,0,0
96,2020-10,Johor,139,78,1458,139,0,0,0
97,2020-10,Kedah,1757,1542,25024,1757,0,0,0
98,2020-10,Kelantan,16,11,251,16,0,0,0
99,2020-10,Melaka,45,33,543,45,0,0,0
100,2020-10,Negeri Sembilan,558,73,3783,558,0,0,0
101,2020-10,Pahang,15,17,256,15,0,0,0
102,2020-10,Perak,240,164,2010,240,0,0,0
103,2020-10,Perlis,2,5,69,2,0,0,0
104,2020-10,Pulau Pinang,850,529,6794,850,0,0,0
105,2020-10,Sabah,13171,6960,123186,13171,0,0,0
106,2020-10,Sarawak,168,60,1415,168,0,0,0
107,2020-10,Selangor,2429,1399,18853,2429,0,0,0
108,2020-10,Terengganu,74,38,891,74,0,0,0
109,2020-10,W.P. Kuala Lumpur,372,252,3233,372,0,0,0
110,2020-10,W.P. Labuan,441,90,3465,441,0,0,0
111,2020-10,W.P. Putrajaya,47,30,486,47,0,0,0
112,2020-11,Johor,473,223,3440,473,0,0,0
113,2020-11,Kedah,439,471,4783,439,0,0,0
114,2020-11,Kelantan,180,94,1357,180,0,0,0
115,2020-11,Melaka,76,83,777,76,0,0,0
116,2020-11,Negeri Sembilan,3308,2701,25879,3308,0,0,0
117,2020-11,Pahang,9,7,123,9,0,0,0
118,2020-11,Perak,1274,645,8512,1274,0,0,0
119,2020-11,Perlis,5,4,43,5,0,0,0
120,2020-11,Pulau Pinang,1094,1103,7461,1094,0,0,0
121,2020-11,Sabah,13723,17624,197095,13723,0,0,0
122,2020-11,Sarawak,183,271,3076,183,0,0,0
123,2020-11,Selangor,9235,7317,69178,9235,0,0,0
124,2020-11,Terengganu,43,78,887,43,0,0,0
125,2020-11,W.P. Kuala Lumpur,3162,1921,20582,3162,0,0,0
126,2020-11,W.P. Labuan,887,905,11730,887,0,0,0
127,2020-11,W.P. Putrajaya,58,64,609,58,0,0,0
128,2020-12,Johor,4355,1792,38032,4355,0,0,0
129,2020-12,Kedah,461,563,5007,461,0,0,0
130,2020-12,Kelantan,398,235,2885,398,0,0,0
131,2020-12,Melaka,838,297,6102,838,0,0,0
132,2020-12,Negeri Sembilan,2913,3298,28525,2913,0,0,0
133,2020-12,Pahang,962,454,7859,962,0,0,0
134,2020-12,Perak,1410,1811,13424,1410,0,0,0
135,2020-12,Perlis,3,3,35,3,0,0,0
136,2020-12,Pulau Pinang,1400,1275,9103,1400,0,0,0
137,2020-12,Sabah,8269,9064,77159,8269,0,0,0
138,2020-12,Sarawak,53,50,724,53,0,0,0
139,2020-12,Selangor,18461,11193,192670,18461,0,0,0
140,2020-12,Terengganu,88,59,568,88,0,0,0
141,2020-12,W.P. Kuala Lumpur,7280,3466,84934,7280,0,0,0
142,2020-12,W.P. Labuan,345,574,4326,345,0,0,0
143,2020-12,W.P. Putrajaya,77,48,560,77,0,0,0
144,2021-01,Johor,15824,10650,205448,15824,0,0,0
145,2021-01,Kedah,2762,1114,28674,2762,0,0,0
146,2021-01,Kelantan,2493,1697,22324,2493,0,0,0
147,2021-01,Melaka,2350,1673,23811,2350,0,0,0
148,2021-01,Negeri Sembilan,3822,3593,32190,3822,0,0,0
149,2021-01,Pahang,1619,455,30954,1618,1,0,0
150,2021-01,Perak,2912,1987,22157,2912,0,0,0
151,2021-01,Perlis,130,74,1026,130,0,0,0
152,2021-01,Pulau Pinang,4360,3187,35322,4360,0,0,0
153,2021-01,Sabah,11828,10567,107505,11828,0,0,0
154,2021-01,Sarawak,3333,1447,28467,3333,0,0,0
155,2021-01,Selangor,35541,28332,374446,35541,0,0,0
156,2021-01,Terengganu,1817,965,12195,1817,0,0,0
157,2021-01,W.P. Kuala Lumpur,12112,10499,139520,12112,0,0,0
158,2021-01,W.P. Labuan,446,414,2939,446,0,0,0
159,2021-01,W.P. Putrajaya,600,454,5522,600,0,0,0
160,2021-02,Johor,14399,17905,243799,14399,0,0,0
161,2021-02,Kedah,1825,3141,28478,1825,0,0,0
162,2021-02,Kelantan,1631,1959,20482,1631,0,0,0
163,2021-02,Melaka,2400,3338,29899,2400,0,0,0
164,2021-02,Negeri Sembilan,4159,2982,35620,4159,0,0,0
165,2021-02,Pahang,804,2259,19400,804,0,0,0
166,2021-02,Perak,5114,3793,43614,5114,0,0,0
167,2021-02,Perlis,36,80,654,36,0,0,0
168,2021-02,Pulau Pinang,3640,4179,36708,3639,1,0,0
169,2021-02,Sabah,4018,6291,48848,4018,0,0,0
170,2021-02,Sarawak,5095,4891,49906,5095,0,0,0
171,2021-02,Selangor,31959,40424,467041,31958,1,0,0
172,2021-02,Terengganu,1054,1727,14573,1054,0,0,0
173,2021-02,W.P. Kuala Lumpur,9372,13862,139722,9371,1,0,0
174,2021-02,W.P. Labuan,106,217,1209,106,0,0,0
175,2021-02,W.P. Putrajaya,181,320,2732,181,0,0,0
176,2021-03,Johor,5298,8212,82823,5282,15,1,0
177,2021-03,Kedah,824,939,8195,816,8,0,0
178,2021-03,Kelantan,1368,1485,13513,1338,30,0,0
179,2021-03,Melaka,567,520,6260,565,2,0,0
180,2021-03,Negeri Sembilan,1459,3185,23030,1444,15,0,0
181,2021-03,Pahang,478,402,5407,477,1,0,0
182,2021-03,Perak,1745,3902,24791,1729,16,0,0
183,2021-03,Perlis,118,123,1082,116,2,0,0
184,2021-03,Pulau Pinang,4581,4322,36882,4561,20,0,0
185,2021-03,Sabah,1881,2368,21605,1856,25,0,0
186,2021-03,Sarawak,6845,6340,69649,6754,90,1,0
187,2021-03,Selangor,16185,19674,193990,16107,77,1,0
188,2021-03,Terengganu,397,565,4175,394,3,0,0
189,2021-03,W.P. Kuala Lumpur,2847,4021,39644,2825,18,4,0
190,2021-03,W.P. Labuan,75,60,470,75,0,0,0
191,2021-03,W.P. Putrajaya,80,89,824,80,0,0,0
192,2021-04,Johor,4122,3465,44379,4090,30,2,0
193,2021-04,Kedah,1489,1132,11775,1465,22,2,0
194,2021-04,Kelantan,7582,2915,58270,7434,90,58,0
195,2021-04,Melaka,832,807,8514,825,5,2,0
196,2021-04,Negeri Sembilan,1482,1113,13649,1472,9,1,0
197,2021-04,Pahang,912,688,10507,898,10,4,0
198,2021-04,Perak,1783,1585,16455,1775,5,3,0
199,2021-04,Perlis,34,31,306,32,0,2,0
200,2021-04,Pulau Pinang,3737,3805,31812,3708,26,3,0
201,2021-04,Sabah,3369,2850,29707,3343,22,4,0
202,2021-04,Sarawak,14269,11732,122570,14056,181,32,0
203,2021-04,Selangor,16812,14077,163349,16696,93,23,0
204,2021-04,Terengganu,600,424,4086,591,7,2,0
205,2021-04,W.P. Kuala Lumpur,5836,3407,53993,5788,35,13,0
206,2021-04,W.P. Labuan,125,145,1044,124,1,0,0
207,2021-04,W.P. Putrajaya,229,180,2179,223,5,1,0
208,2021-05,Johor,13006,8537,127675,12732,186,88,0
209,2021-05,Kedah,8985,5569,67074,8598,220,167,0
210,2021-05,Kelantan,13956,12390,150660,13407,295,254,0
211,2021-05,Melaka,4712,1916,36514,4583,78,51,0
212,2021-05,Negeri Sembilan,7555,3602,60289,7258,151,146,0
213,2021-05,Pahang,4399,1899,44758,4207,111,81,0
214,2021-05,Perak,5885,3828,45550,5694,110,81,0
215,2021-05,Perlis,147,73,981,138,4,5,0
216,2021-05,Pulau Pinang,8820,6796,70476,8661,120,39,0
217,2021-05,Sabah,4108,2978,34319,4007,69,32,0
218,2021-05,Sarawak,16670,15326,155944,16214,305,151,0
219,2021-05,Selangor,54036,35315,492605,52982,670,384,0
220,2021-05,Terengganu,4578,2548,35882,4373,119,86,0
221,2021-05,W.P. Kuala Lumpur,14998,10827,161220,14642,221,135,0
222,2021-05,W.P. Labuan,1269,112,6539,1141,103,25,0
223,2021-05,W.P. Putrajaya,520,342,4298,498,14,8,0
224,2021-06,Johor,12441,14184,172304,12101,225,115,0
225,2021-06,Kedah,6360,8313,71615,5976,221,163,0
226,2021-06,Kelantan,7023,12259,108345,6558,316,149,0
227,2021-06,Melaka,6329,6521,83078,6041,171,117,0
228,2021-06,Negeri Sembilan,18575,14948,196378,17472,484,619,0
229,2021-06,Pahang,4089,5164,56770,3850,107,132,0
230,2021-06,Perak,5994,6769,57230,5823,86,85,0
231,2021-06,Perlis,83,140,1284,79,2,2,0
232,2021-06,Pulau Pinang,5869,7857,61148,5708,104,57,0
233,2021-06,Sabah,7201,7497,65581,6787,283,131,0
234,2021-06,Sarawak,17522,18595,190127,15975,1320,227,0
235,2021-06,Selangor,61825,63210,756814,58735,2188,902,0
236,2021-06,Terengganu,2430,4371,32563,2292,76,62,0
237,2021-06,W.P. Kuala Lumpur,19024,18354,233069,17361,1240,423,0
238,2021-06,W.P. Labuan,4447,3929,56199,3941,308,198,0
239,2021-06,W.P. Putrajaya,410,531,4721,351,35,24,0
240,2021-07,Johor,19859,11961,200971,17857,1291,711,0
241,2021-07,Kedah,20362,10629,161969,17696,1694,972,0
242,2021-07,Kelantan,8183,4910,63425,7009,637,537,0
243,2021-07,Melaka,12951,9745,134318,11207,1154,590,0
244,2021-07,Negeri Sembilan,26611,24859,297870,21460,3788,1363,0
245,2021-07,Pahang,10770,6390,110255,9261,860,649,0
246,2021-07,Perak,11051,7566,86343,9685,889,477,0
247,2021-07,Perlis,110,55,816,83,11,16,0
248,2021-07,Pulau Pinang,11338,6655,83960,9659,1352,327,0
249,2021-07,Sabah,15276,9676,111748,13435,1029,812,0
250,2021-07,Sarawak,11877,11962,128052,6564,4248,1065,0
251,2021-07,Selangor,158668,93631,1695938,120823,32141,5704,0
252,2021-07,Terengganu,5747,2582,34996,4768,626,353,0
253,2021-07,W.P. Kuala Lumpur,45349,27756,483699,29830,12587,2932,0
254,2021-07,W.P. Labuan,1492,2875,25787,943,405,144,0
255,2021-07,W.P. Putrajaya,1649,706,15476,953,380,316,0
256,2021-08,Johor,47964,34261,557520,32519,11821,3624,0
257,2021-08,Kedah,53411,45567,510961,35689,12426,5296,0
258,2021-08,Kelantan,34532,25856,311242,23256,6635,4641,0
259,2021-08,Melaka,17192,15815,225754,10437,4948,1807,0
260,2021-08,Negeri Sembilan,19985,24284,274309,11079,6376,2530,0
261,2021-08,Pahang,19697,16818,246299,13505,3944,2248,0
262,2021-08,Perak,30414,24489,273643,21478,5915,3021,0
263,2021-08,Perlis,1250,598,10024,788,208,254,0
264,2021-08,Pulau Pinang,40658,23816,420601,24246,12345,4067,0
265,2021-08,Sabah,63122,38073,581137,36332,18026,8764,0
266,2021-08,Sarawak,39830,19566,366339,13448,5276,21106,0
267,2021-08,Selangor,196576,202710,2803141,89150,83330,24096,0
268,2021-08,Terengganu,16544,13835,144841,11291,3313,1940,0
269,2021-08,W.P. Kuala Lumpur,50212,59084,784518,20616,19946,9650,0
270,2021-08,W.P. Labuan,148,256,2395,67,22,59,0
271,2021-08,W.P. Putrajaya,1447,2058,25977,605,386,456,0
272,2021-09,Johor,57198,57057,835719,23317,19776,14105,0
273,2021-09,Kedah,35793,47041,374208,16993,9692,9108,0
274,2021-09,Kelantan,37782,39491,384431,17711,8157,11914,0
275,2021-09,Melaka,9787,12306,149693,3920,2760,3107,0
276,2021-09,Negeri Sembilan,5768,8757,78736,2379,1053,2336,0
277,2021-09,Pahang,20584,19885,267792,10423,4185,5976,0
278,2021-09,Perak,34136,33390,372499,14972,9572,9592,0
279,2021-09,Perlis,1938,1858,23308,769,387,782,0
280,2021-09,Pulau Pinang,43718,55344,552087,16897,12832,13989,0
281,2021-09,Sabah,50130,64704,701760,22653,8410,19067,0
282,2021-09,Sarawak,93066,82646,1134641,24775,2683,65608,0
283,2021-09,Selangor,73667,125707,1280345,25018,14889,33760,0
284,2021-09,Terengganu,22153,20560,238705,10695,5238,6220,0
285,2021-09,W.P. Kuala Lumpur,12821,23379,233924,4109,1939,6773,0
286,2021-09,W.P. Labuan,154,166,2049,65,8,81,0
287,2021-09,W.P. Putrajaya,746,809,12129,325,44,377,0
288,2021-10,Johor,22292,38097,396769,6867,2936,12486,3
289,2021-10,Kedah,13841,16780,134208,4886,1772,7178,5
290,2021-10,Kelantan,23761,29485,255378,7404,2612,13731,14
291,2021-10,Melaka,6988,8043,110542,2352,705,3931,0
292,2021-10,Negeri Sembilan,5710,5177,59744,1687,366,3656,1
293,2021-10,Pahang,12184,18014,189423,4377,1670,6131,6
294,2021-10,Perak,13956,22093,171125,3934,1743,8262,17
295,2021-10,Perlis,1539,1816,21389,514,118,907,0
296,2021-10,Pulau Pinang,14638,21551,181947,3816,1915,8902,5
297,2021-10,Sabah,19976,27392,319912,6532,1596,11843,5
298,2021-10,Sarawak,31422,58304,537855,5103,928,25291,100
299,2021-10,Selangor,37016,45966,498245,10712,2151,24151,2
300,2021-10,Terengganu,13971,18171,161502,4908,1218,7844,1
301,2021-10,W.P. Kuala Lumpur,7660,8089,108031,1969,568,5122,1
302,2021-10,W.P. Labuan,108,106,1104,20,0,88,0
303,2021-10,W.P. Putrajaya,885,854,13613,292,44,548,1
304,2021-11,Johor,13826,13952,201011,3890,230,9611,95
305,2021-11,Kedah,11156,11267,92712,3257,153,7645,101
306,2021-11,Kelantan,17351,17212,170453,4486,302,12239,324
307,2021-11,Melaka,5742,6588,71090,1613,192,3837,100
308,2021-11,Negeri Sembilan,5643,5573,68727,1501,115,3942,85
309,2021-11,Pahang,9725,9275,110840,2739,139,6750,97
310,2021-11,Perak,6815,7116,71062,1309,100,5206,200
311,2021-11,Perlis,895,953,12220,210,17,665,3
312,2021-11,Pulau Pinang,8343,7619,89704,2017,135,6132,59
313,2021-11,Sabah,15284,15965,245062,4517,223,10288,256
314,2021-11,Sarawak,9674,15119,144020,1447,93,7517,617
315,2021-11,Selangor,38793,34588,489006,8763,765,28966,299
316,2021-11,Terengganu,6845,7691,77495,1470,101,5195,79
317,2021-11,W.P. Kuala Lumpur,9132,8082,122278,1973,125,6917,117
318,2021-11,W.P. Labuan,428,316,3247,103,2,307,16
319,2021-11,W.P. Putrajaya,1488,1127,19842,493,25,949,21
320,2021-12,Johor,12977,14857,187654,3293,82,9232,370
321,2021-12,Kedah,8554,10162,72207,2224,74,5897,359
322,2021-12,Kelantan,12623,14151,125932,3167,92,8811,553
323,2021-12,Melaka,5215,6088,55333,1426,139,3363,287
324,2021-12,Negeri Sembilan,4967,5619,62107,1129,25,3570,243
325,2021-12,Pahang,8720,9949,106837,2124,58,6224,314
326,2021-12,Perak,6039,6428,63342,978,61,4566,434
327,2021-12,Perlis,843,937,12327,146,5,670,22
328,2021-12,Pulau Pinang,7914,8976,89807,1647,36,5933,298
329,2021-12,Sabah,7299,10261,185704,1979,50,4958,312
330,2021-12,Sarawak,1580,3454,25201,241,17,1064,258
331,2021-12,Selangor,33157,40280,472749,7000,199,24826,1132
332,2021-12,Terengganu,6219,5780,71230,1168,51,4774,226
333,2021-12,W.P. Kuala Lumpur,8000,9538,125706,1771,58,5814,357
334,2021-12,W.P. Labuan,325,439,2967,78,3,223,21
335,2021-12,W.P. Putrajaya,872,1249,16610,247,5,570,50
336,2022-01,Johor,14639,9543,233773,3356,67,9474,1742
337,2022-01,Kedah,9116,7575,60020,1936,38,6043,1099
338,2022-01,Kelantan,9356,9996,84599,2120,64,6254,918
339,2022-01,Melaka,5430,4846,43019,1085,31,3342,972
340,2022-01,Negeri Sembilan,5874,4190,58144,1022,40,3974,838
341,2022-01,Pahang,6415,6540,74440,1517,42,4176,680
342,2022-01,Perak,4214,4443,45740,671,32,2765,746
343,2022-01,Perlis,449,490,6264,81,0,326,42
344,2022-01,Pulau Pinang,6620,6814,51314,1321,36,4345,918
345,2022-01,Sabah,7587,5952,156409,1757,50,4966,814
346,2022-01,Sarawak,523,643,4392,82,7,214,220
347,2022-01,Selangor,29085,25128,344073,5476,140,18648,4821
348,2022-01,Terengganu,2573,4184,38852,487,14,1742,330
349,2022-01,W.P. Kuala Lumpur,9680,7303,117101,1861,54,5631,2134
350,2022-01,W.P. Labuan,232,250,2099,64,0,138,30
351,2022-01,W.P. Putrajaya,879,728,13413,217,1,485,176
352,2022-02,Johor,60281,48061,559579,10396,307,27485,22093
353,2022-02,Kedah,54693,28940,455105,10554,443,27355,16341
354,2022-02,Kelantan,36337,25550,282831,6374,252,21126,8585
355,2022-02,Melaka,15802,8101,134992,3027,149,6216,6410
356,2022-02,Negeri Sembilan,26569,13590,232032,4816,238,11287,10228
357,2022-02,Pahang,28485,13736,244552,5888,222,13261,9114
358,2022-02,Perak,17310,8115,120053,2691,237,7520,6862
359,2022-02,Perlis,4475,1946,37327,787,37,2720,931
360,2022-02,Pulau Pinang,42601,29143,258950,7012,248,19823,15518
361,2022-02,Sabah,91435,53478,844314,16492,798,48176,25969
362,2022-02,Sarawak,6989,2791,50453,883,93,1317,4696
363,2022-02,Selangor,133919,69719,1224556,23657,1027,50799,58436
364,2022-02,Terengganu,12236,6668,95127,2209,105,6151,3771
365,2022-02,W.P. Kuala Lumpur,31331,18729,312460,5117,256,9427,16531
366,2022-02,W.P. Labuan,5804,1717,43131,1233,93,1814,2664
367,2022-02,W.P. Putrajaya,3711,2277,39325,950,20,1338,1403
368,2022-03,Johor,52609,64352,539519,7285,1682,11876,31766
369,2022-03,Kedah,59719,78855,723683,8682,1158,20968,28911
370,2022-03,Kelantan,30223,40218,332949,5221,458,14098,10446
371,2022-03,Melaka,18999,23611,294563,2568,423,4839,11169
372,2022-03,Negeri Sembilan,43621,49872,507037,5718,1121,11670,25112
373,2022-03,Pahang,35552,45914,440388,6570,844,11784,16354
374,2022-03,Perak,38893,40301,382210,6504,1187,11902,19300
375,2022-03,Perlis,4628,6563,59544,784,95,2382,1367
376,2022-03,Pulau Pinang,57399,66684,433102,6284,1390,15946,33779
377,2022-03,Sabah,27855,57618,841468,4647,723,10718,11767
378,2022-03,Sarawak,38529,33025,381418,6042,1636,5203,25648
379,2022-03,Selangor,243484,223110,2559891,33849,6689,58846,144100
380,2022-03,Terengganu,23761,26378,228455,4028,331,9193,10209
381,2022-03,W.P. Kuala Lumpur,75841,74168,843352,9830,2241,12442,51328
382,2022-03,W.P. Labuan,3998,7731,35325,762,153,900,2183
383,2022-03,W.P. Putrajaya,4072,5116,52820,757,130,1126,2059
384,2022-04,Johor,9738,16969,166776,1488,593,1740,5917
385,2022-04,Kedah,6679,15778,87932,1061,219,2033,3366
386,2022-04,Kelantan,2393,5642,34702,492,56,980,865
387,2022-04,Melaka,5394,8102,89003,743,153,1461,3037
388,2022-04,Negeri Sembilan,11953,19661,159748,1390,554,3499,6510
389,2022-04,Pahang,5003,10671,81391,988,178,1291,2546
390,2022-04,Perak,11232,18184,133890,2318,520,3009,5385
391,2022-04,Perlis,552,1224,8086,105,26,240,181
392,2022-04,Pulau Pinang,9631,14586,70038,1232,349,1679,6371
393,2022-04,Sabah,3351,11506,297462,643,160,1123,1425
394,2022-04,Sarawak,6977,15796,102813,1232,345,1104,4296
395,2022-04,Selangor,146509,223667,1906633,18841,7247,27642,92779
396,2022-04,Terengganu,4425,7665,57785,821,111,1354,2139
397,2022-04,W.P. Kuala Lumpur,20444,35009,282078,2398,881,2950,14215
398,2022-04,W.P. Labuan,445,770,4083,73,25,99,248
399,2022-04,W.P. Putrajaya,1359,1639,18724,214,88,378,679
400,2022-05,Johor,2140,2486,81431,252,49,360,1479
401,2022-05,Kedah,1784,2169,1049,237,28,472,1047
402,2022-05,Kelantan,514,639,4719,92,9,189,224
403,2022-05,Melaka,2445,2911,56988,264,21,647,1513
404,2022-05,Negeri Sembilan,3283,4486,34120,251,65,792,2175
405,2022-05,Pahang,903,1276,22124,139,4,261,499
406,2022-05,Perak,3024,3885,36258,422,48,811,1743
407,2022-05,Perlis,154,183,1907,30,2,68,54
408,2022-05,Pulau Pinang,3983,4304,25459,371,73,768,2771
409,2022-05,Sabah,1334,2956,142311,188,24,411,711
410,2022-05,Sarawak,1317,1923,11893,292,20,195,810
411,2022-05,Selangor,26536,40038,297485,2329,660,4897,18650
412,2022-05,Terengganu,563,725,10010,83,17,154,309
413,2022-05,W.P. Kuala Lumpur,9196,11168,108454,668,126,1270,7132
414,2022-05,W.P. Labuan,116,160,866,11,4,21,80
415,2022-05,W.P. Putrajaya,1214,1422,15770,94,68,346,706
416,2022-06,Johor,1673,1625,72606,199,13,273,1188
417,2022-06,Kedah,1328,1336,-4482,176,17,313,822
418,2022-06,Kelantan,495,425,3379,86,7,158,244
419,2022-06,Melaka,1714,1453,49311,161,12,340,1201
420,2022-06,Negeri Sembilan,2872,2573,23615,188,27,608,2049
421,2022-06,Pahang,734,561,17443,100,10,196,428
422,2022-06,Perak,3271,2983,34219,351,37,789,2094
423,2022-06,Perlis,169,124,2001,11,1,79,78
424,2022-06,Pulau Pinang,3985,3665,24273,283,34,650,3018
425,2022-06,Sabah,2847,2068,130906,303,19,848,1677
426,2022-06,Sarawak,1284,1133,9108,191,16,182,895
427,2022-06,Selangor,23099,23566,228177,1495,213,3958,17433
428,2022-06,Terengganu,405,313,7762,49,3,99,254
429,2022-06,W.P. Kuala Lumpur,14373,10238,132275,845,88,2083,11357
430,2022-06,W.P. Labuan,82,40,395,12,3,21,46
431,2022-06,W.P. Putrajaya,1214,1071,14347,69,18,314,813
432,2022-07,Johor,2726,2279,84082,358,16,393,1959
433,2022-07,Kedah,2749,1972,5344,340,23,719,1667
434,2022-07,Kelantan,1263,948,9212,205,9,532,517
435,2022-07,Melaka,3248,2942,62214,297,20,514,2417
436,2022-07,Negeri Sembilan,5856,5008,51663,332,43,1064,4417
437,2022-07,Pahang,1616,1392,26793,170,8,405,1033
438,2022-07,Perak,8083,6613,73128,772,56,1975,5280
439,2022-07,Perlis,294,292,3376,63,3,117,111
440,2022-07,Pulau Pinang,5430,4976,32277,571,27,718,4114
441,2022-07,Sabah,6605,5636,172078,703,64,1999,3839
442,2022-07,Sarawak,1778,1639,13406,231,12,275,1260
443,2022-07,Selangor,38964,32550,354282,2901,211,6591,29261
444,2022-07,Terengganu,735,677,11224,133,4,210,388
445,2022-07,W.P. Kuala Lumpur,31784,28527,318120,1811,152,4787,25034
446,2022-07,W.P. Labuan,386,253,3380,65,12,85,224
447,2022-07,W.P. Putrajaya,2481,2218,26805,159,31,561,1730
448,2022-08,Johor,3243,3288,87746,490,32,587,2134
449,2022-08,Kedah,3264,3611,15626,421,24,886,1933
450,2022-08,Kelantan,2392,2118,19675,372,17,1012,991
451,2022-08,Melaka,3810,3808,68945,374,20,696,2720
452,2022-08,Negeri Sembilan,5732,6419,57568,490,23,1121,4098
453,2022-08,Pahang,2101,2016,32427,264,19,584,1234
454,2022-08,Perak,7688,8257,78134,892,56,2092,4648
455,2022-08,Perlis,325,312,3504,45,5,143,132
456,2022-08,Pulau Pinang,4157,4979,30790,479,16,630,3032
457,2022-08,Sabah,8350,8562,187070,976,75,2475,4824
458,2022-08,Sarawak,3178,2757,27552,476,26,532,2144
459,2022-08,Selangor,32016,38500,349721,2827,194,5567,23428
460,2022-08,Terengganu,1410,1176,17068,245,5,461,699
461,2022-08,W.P. Kuala Lumpur,22442,27996,258153,1370,126,3541,17405
462,2022-08,W.P. Labuan,257,380,3132,50,4,63,140
463,2022-08,W.P. Putrajaya,2206,2461,26782,148,18,505,1535
464,2022-09,Johor,1858,2243,75241,298,13,329,1218
465,2022-09,Kedah,2131,2311,4241,278,17,613,1223
466,2022-09,Kelantan,1730,2017,16345,284,15,770,661
467,2022-09,Melaka,2236,2626,57300,201,8,395,1632
468,2022-09,Negeri Sembilan,2852,3177,26733,182,10,510,2150
469,2022-09,Pahang,1397,1630,26482,215,9,399,774
470,2022-09,Perak,5059,5409,57969,498,34,1299,3228
471,2022-09,Perlis,244,279,2893,29,1,105,109
472,2022-09,Pulau Pinang,2488,2414,15838,273,10,363,1842
473,2022-09,Sabah,5029,5327,156333,657,43,1506,2823
474,2022-09,Sarawak,2721,2884,26021,421,20,414,1866
475,2022-09,Selangor,16762,18330,170228,1294,50,2610,12808
476,2022-09,Terengganu,869,1106,13395,152,4,300,413
477,2022-09,W.P. Kuala Lumpur,11844,12254,132511,730,53,1600,9461
478,2022-09,W.P. Labuan,123,151,1321,18,2,29,74
479,2022-09,W.P. Putrajaya,912,1161,13054,40,6,201,665
480,2022-10,Johor,1446,1448,73110,200,3,245,998
481,2022-10,Kedah,1879,1908,572,241,13,531,1094
482,2022-10,Kelantan,1469,1414,11617,231,11,638,589
483,2022-10,Melaka,1706,1616,52790,140,5,296,1265
484,2022-10,Negeri Sembilan,3015,2725,25852,163,12,501,2339
485,2022-10,Pahang,1078,1028,22014,159,6,290,623
486,2022-10,Perak,4687,4392,49502,422,29,1195,3041
487,2022-10,Perlis,148,151,1829,23,0,64,61
488,2022-10,Pulau Pinang,2859,2730,17303,264,7,404,2184
489,2022-10,Sabah,3902,4446,149701,562,32,1131,2177
490,2022-10,Sarawak,1861,2160,18343,258,10,326,1267
491,2022-10,Selangor,22349,18654,198011,1460,63,3365,17461
492,2022-10,Terengganu,632,647,10199,100,4,216,312
493,2022-10,W.P. Kuala Lumpur,13979,12091,139515,747,48,1707,11477
494,2022-10,W.P. Labuan,66,61,692,7,0,11,48
495,2022-10,W.P. Putrajaya,1009,847,12240,44,3,229,733
496,2022-11,Johor,1700,1824,70848,193,7,292,1208
497,2022-11,Kedah,4159,3785,11348,419,24,1283,2433
498,2022-11,Kelantan,3434,3228,22365,464,27,1617,1326
499,2022-11,Melaka,4835,4161,76346,312,14,1234,3275
500,2022-11,Negeri Sembilan,4074,4587,30626,248,13,930,2883
501,2022-11,Pahang,2662,2391,31995,273,17,756,1616
502,2022-11,Perak,4457,5453,43859,446,39,1375,2597
503,2022-11,Perlis,190,187,1856,37,4,78,71
504,2022-11,Pulau Pinang,4511,4561,28534,411,15,770,3315
505,2022-11,Sabah,5998,5491,162290,869,50,1852,3227
506,2022-11,Sarawak,3262,2842,21415,451,24,450,2337
507,2022-11,Selangor,33636,36735,250208,2243,108,5637,25648
508,2022-11,Terengganu,1771,1469,16712,251,14,651,855
509,2022-11,W.P. Kuala Lumpur,11373,15927,107770,815,37,1705,8816
510,2022-11,W.P. Labuan,371,275,2787,44,6,96,225
511,2022-11,W.P. Putrajaya,2771,2555,25401,100,7,598,2066
512,2022-12,Johor,790,946,66401,123,3,114,550
513,2022-12,Kedah,2178,2895,83,261,13,756,1148
514,2022-12,Kelantan,1191,1816,8978,198,6,522,465
515,2022-12,Melaka,2337,2976,69155,203,7,384,1743
516,2022-12,Negeri Sembilan,1298,1798,11378,95,2,305,896
517,2022-12,Pahang,1085,1560,23563,133,2,334,616
518,2022-12,Perak,1523,2020,20279,206,10,451,856
519,2022-12,Perlis,162,192,1886,29,1,73,59
520,2022-12,Pulau Pinang,2164,2625,13367,232,10,355,1567
521,2022-12,Sabah,1723,3329,137651,314,16,547,846
522,2022-12,Sarawak,2882,3406,22112,433,20,423,2006
523,2022-12,Selangor,12085,16846,98133,992,41,1786,9266
524,2022-12,Terengganu,671,1089,10995,117,7,247,300
525,2022-12,W.P. Kuala Lumpur,3276,4156,37318,307,12,382,2575
526,2022-12,W.P. Labuan,214,312,2283,34,2,57,121
527,2022-12,W.P. Putrajaya,930,1332,14032,51,4,203,672
528,2023-01,Johor,466,500,63831,65,4,95,302
529,2023-01,Kedah,497,669,-13679,73,3,150,271
530,2023-01,Kelantan,200,312,602,42,2,81,75
531,2023-01,Melaka,629,999,50570,66,3,102,458
532,2023-01,Negeri Sembilan,370,445,3333,37,1,52,280
533,2023-01,Pahang,240,338,16419,37,1,70,132
534,2023-01,Perak,465,616,11467,78,4,137,246
535,2023-01,Perlis,31,42,1017,5,2,10,14
536,2023-01,Pulau Pinang,546,824,1479,67,6,128,345
537,2023-01,Sabah,260,357,113769,64,0,68,128
538,2023-01,Sarawak,727,969,6453,138,5,106,478
539,2023-01,Selangor,3236,4165,19254,384,21,524,2307
540,2023-01,Terengganu,208,256,6575,38,3,64,103
541,2023-01,W.P. Kuala Lumpur,1722,2044,19280,160,6,200,1356
542,2023-01,W.P. Labuan,37,53,738,5,1,7,24
543,2023-01,W.P. Putrajaya,282,345,8657,13,4,49,216
544,2023-02,Johor,295,315,56248,36,1,52,206
545,2023-02,Kedah,196,269,-15682,23,1,54,118
546,2023-02,Kelantan,108,153,-1528,20,2,36,50
547,2023-02,Melaka,434,916,33655,35,3,102,294
548,2023-02,Negeri Sembilan,201,255,702,16,1,35,149
549,2023-02,Pahang,128,166,13184,14,1,28,85
550,2023-02,Perak,256,285,7378,31,0,65,160
551,2023-02,Perlis,21,32,502,4,0,13,4
552,2023-02,Pulau Pinang,194,278,-2965,32,1,28,133
553,2023-02,Sabah,111,149,100724,29,0,34,48
554,2023-02,Sarawak,273,398,782,49,3,37,184
555,2023-02,Selangor,2127,2670,-2416,239,9,320,1559
556,2023-02,Terengganu,97,147,3748,24,1,21,51
557,2023-02,W.P. Kuala Lumpur,1584,1896,8094,110,8,186,1280
558,2023-02,W.P. Labuan,12,14,374,1,0,5,6
559,2023-02,W.P. Putrajaya,161,223,6141,13,0,27,121
560,2023-03,Johor,438,371,62948,54,1,80,303
561,2023-03,Kedah,244,252,-18882,40,0,62,142
562,2023-03,Kelantan,335,165,-1502,39,2,183,111
563,2023-03,Melaka,663,515,30877,48,8,160,447
564,2023-03,Negeri Sembilan,260,200,544,26,1,43,190
565,2023-03,Pahang,270,196,14531,32,2,89,147
566,2023-03,Perak,450,336,8355,49,2,193,206
567,2023-03,Perlis,39,16,607,1,1,30,7
568,2023-03,Pulau Pinang,281,271,-4485,39,4,63,175
569,2023-03,Sabah,56,62,110687,8,0,15,33
570,2023-03,Sarawak,338,250,533,66,5,32,235
571,2023-03,Selangor,2785,2453,-5978,278,9,422,2076
572,2023-03,Terengganu,169,107,4643,36,2,39,92
573,2023-03,W.P. Kuala Lumpur,2381,2079,8940,185,11,252,1933
574,2023-03,W.P. Labuan,34,32,587,4,0,6,24
575,2023-03,W.P. Putrajaya,204,187,6636,14,1,38,151
576,2023-04,Johor,659,612,63033,82,3,112,462
577,2023-04,Kedah,789,511,-14482,145,5,235,404
578,2023-04,Kelantan,818,685,5384,146,5,362,305
579,2023-04,Melaka,2056,1665,43918,139,5,579,1333
580,2023-04,Negeri Sembilan,748,635,5208,69,1,232,446
581,2023-04,Pahang,617,530,17482,79,2,206,330
582,2023-04,Perak,889,846,13361,124,10,372,383
583,2023-04,Perlis,96,74,1163,18,4,39,35
584,2023-04,Pulau Pinang,940,668,486,112,2,172,654
585,2023-04,Sabah,122,95,107835,29,0,35,58
586,2023-04,Sarawak,586,493,3955,124,2,67,393
587,2023-04,Selangor,7102,5836,31597,707,39,1306,5050
588,2023-04,Terengganu,398,261,7075,76,4,129,189
589,2023-04,W.P. Kuala Lumpur,4677,3930,31322,302,9,649,3717
590,2023-04,W.P. Labuan,17,17,523,1,0,5,11
591,2023-04,W.P. Putrajaya,556,472,9205,27,4,143,382
592,2023-05,Johor,773,724,67241,124,4,151,494
593,2023-05,Kedah,1339,1240,-3887,211,9,420,699
594,2023-05,Kelantan,1198,1080,13133,213,8,573,404
595,2023-05,Melaka,2014,1843,56364,172,6,343,1493
596,2023-05,Negeri Sembilan,1183,1026,13325,112,5,294,772
597,2023-05,Pahang,658,554,22804,97,3,188,370
598,2023-05,Perak,1627,1382,23397,228,12,419,968
599,2023-05,Perlis,210,188,2948,38,0,98,74
600,2023-05,Pulau Pinang,1992,1616,15707,222,5,350,1415
601,2023-05,Sabah,336,192,113697,71,3,103,159
602,2023-05,Sarawak,1160,909,11978,172,5,187,796
603,2023-05,Selangor,9215,7929,85441,1058,41,1532,6584
604,2023-05,Terengganu,521,554,10829,111,6,202,202
605,2023-05,W.P. Kuala Lumpur,7013,5866,75739,500,17,917,5579
606,2023-05,W.P. Labuan,97,76,1164,12,2,24,59
607,2023-05,W.P. Putrajaya,724,588,13282,26,3,121,574
608,2023-06,Johor,326,568,61517,52,2,57,215
609,2023-06,Kedah,354,412,-6681,73,1,84,196
610,2023-06,Kelantan,351,440,9596,56,4,172,119
611,2023-06,Melaka,716,739,52300,64,4,126,522
612,2023-06,Negeri Sembilan,356,328,11866,49,0,61,246
613,2023-06,Pahang,163,205,21038,22,1,48,92
614,2023-06,Perak,683,650,22872,68,1,159,455
615,2023-06,Perlis,66,66,2658,13,0,31,22
616,2023-06,Pulau Pinang,797,844,16761,73,1,112,611
617,2023-06,Sabah,425,543,111755,102,3,136,184
618,2023-06,Sarawak,975,1007,16669,168,8,151,648
619,2023-06,Selangor,4266,4718,84898,485,22,571,3188
620,2023-06,Terengganu,333,254,11811,70,1,126,136
621,2023-06,W.P. Kuala Lumpur,2999,3146,78058,222,18,314,2445
622,2023-06,W.P. Labuan,101,85,1565,13,1,20,67
623,2023-06,W.P. Putrajaya,315,316,14008,18,3,70,224
624,2023-07,Johor,131,168,57668,23,0,29,79
625,2023-07,Kedah,154,194,-9793,21,2,46,85
626,2023-07,Kelantan,189,234,7533,34,0,96,59
627,2023-07,Melaka,261,362,49917,25,1,56,179
628,2023-07,Negeri Sembilan,157,196,10324,19,0,35,103
629,2023-07,Pahang,51,65,20503,10,0,14,27
630,2023-07,Perak,201,246,19579,56,2,50,93
631,2023-07,Perlis,32,35,2527,7,0,12,13
632,2023-07,Pulau Pinang,209,311,11960,22,1,30,156
633,2023-07,Sabah,190,280,110505,38,2,66,84
634,2023-07,Sarawak,231,344,9929,25,2,31,173
635,2023-07,Selangor,1482,1986,54481,191,8,261,1022
636,2023-07,Terengganu,115,129,11244,34,0,34,47
637,2023-07,W.P. Kuala Lumpur,1069,1440,61009,85,3,129,852
638,2023-07,W.P. Labuan,54,70,1491,11,0,10,33
639,2023-07,W.P. Putrajaya,84,140,12478,3,1,20,60
640,2023-08,Johor,24,36,56904,2,1,5,16
641,2023-08,Kedah,88,116,-10856,15,0,26,47
642,2023-08,Kelantan,98,127,6220,23,0,45,30
643,2023-08,Melaka,266,295,48897,32,1,43,190
644,2023-08,Negeri Sembilan,120,156,8932,19,1,22,78
645,2023-08,Pahang,40,55,20146,11,0,9,20
646,2023-08,Perak,83,157,17615,21,0,19,43
647,2023-08,Perlis,10,17,2273,1,0,3,6
648,2023-08,Pulau Pinang,134,186,9783,17,0,19,98
649,2023-08,Sabah,85,115,108939,11,1,39,34
650,2023-08,Sarawak,47,111,7227,3,0,7,37
651,2023-08,Selangor,1027,1287,44397,176,2,150,699
652,2023-08,Terengganu,37,107,9329,4,0,15,18
653,2023-08,W.P. Kuala Lumpur,848,1031,53820,116,2,113,617
654,2023-08,W.P. Labuan,7,8,1071,0,0,1,6
655,2023-08,W.P. Putrajaya,59,56,11997,0,2,19,38
656,2023-09,Johor,19,45,54329,0,0,2,17
657,2023-09,Kedah,129,194,-12387,23,1,39,66
658,2023-09,Kelantan,77,125,4668,14,1,29,33
659,2023-09,Melaka,171,279,43763,27,1,38,105
660,2023-09,Negeri Sembilan,149,205,6978,17,3,17,112
661,2023-09,Pahang,31,64,18499,3,0,7,21
662,2023-09,Perak,116,179,15323,12,0,38,66
663,2023-09,Perlis,26,40,1836,4,1,11,10
664,2023-09,Pulau Pinang,253,344,6741,40,0,45,168
665,2023-09,Sabah,28,39,104556,7,1,5,15
666,2023-09,Sarawak,76,113,5594,18,1,8,49
667,2023-09,Selangor,1097,1491,31147,161,2,167,767
668,2023-09,Terengganu,83,51,8936,20,0,31,32
669,2023-09,W.P. Kuala Lumpur,687,1030,41431,87,1,76,523
670,2023-09,W.P. Labuan,6,10,1018,1,0,2,3
671,2023-09,W.P. Putrajaya,58,115,10164,7,0,13,38
672,2023-10,Johor,82,72,56472,16,0,14,52
673,2023-10,Kedah,278,237,-12241,51,2,93,132
674,2023-10,Kelantan,149,124,4978,34,2,58,55
675,2023-10,Melaka,341,272,45542,45,3,44,249
676,2023-10,Negeri Sembilan,216,198,7256,27,1,24,164
677,2023-10,Pahang,78,53,19228,14,2,25,37
678,2023-10,Perak,241,192,16344,28,2,67,144
679,2023-10,Perlis,53,43,1927,13,1,21,18
680,2023-10,Pulau Pinang,418,353,7342,73,2,59,284
681,2023-10,Sabah,29,22,107946,12,0,4,13
682,2023-10,Sarawak,114,107,5830,22,0,17,75
683,2023-10,Selangor,1773,1582,34483,172,1,285,1315
684,2023-10,Terengganu,182,156,9659,45,1,47,89
685,2023-10,W.P. Kuala Lumpur,968,907,43023,112,2,126,728
686,2023-10,W.P. Labuan,17,10,1082,1,0,3,13
687,2023-10,W.P. Putrajaya,70,67,10281,6,0,9,55
688,2023-11,Johor,99,96,54234,14,0,13,72
689,2023-11,Kedah,854,698,-10435,119,1,257,477
690,2023-11,Kelantan,384,409,3154,62,3,152,167
691,2023-11,Melaka,966,885,41765,97,6,195,668
692,2023-11,Negeri Sembilan,519,446,6019,55,2,97,365
693,2023-11,Pahang,332,299,17961,33,3,107,189
694,2023-11,Perak,740,580,15967,97,4,199,440
695,2023-11,Perlis,125,112,2109,18,1,57,49
696,2023-11,Pulau Pinang,1127,939,9056,119,6,225,777
697,2023-11,Sabah,74,62,104575,22,1,19,32
698,2023-11,Sarawak,276,259,4765,50,3,32,191
699,2023-11,Selangor,4076,3339,31449,408,14,625,3029
700,2023-11,Terengganu,549,324,11113,107,3,177,262
701,2023-11,W.P. Kuala Lumpur,2569,2227,37358,248,11,264,2046
702,2023-11,W.P. Labuan,42,35,1088,6,1,4,31
703,2023-11,W.P. Putrajaya,338,231,10056,17,1,72,248
